Workbook

Sheet Cover
B2: AI CHECK SCOPE REGISTER — P&ID QUALITY & CONSISTENCY
B3: One row per check from the Consolidated P&ID Checklist (358 checks), classified by AI execution feasibility, with Pass/Fail result columns for AI output and engineer disposition.
B5: Project Name / No.:
B6: Unit / Area:
B7: P&ID Set / Revisions Checked:
B8: Reference Document Revisions:
B9: AI Tool / Model Used:
B10: AI Run Date:
B11: Engineer Reviewing AI Output:
B12: Review Date:
B14: AI FEASIBILITY CLASSES
B15: AUTO | C15: AI can execute end-to-end from the P&ID set plus reference registers (line list, instrument index, etc.); engineer verifies flagged findings.
B16: ASSIST | C16: AI extracts and compares data and flags candidate issues, but the check needs supplementary documents or engineering review to conclude.
B17: HUMAN | C17: Engineering judgment check — AI may summarize relevant drawing content, but must record the result as 'Not Checked' and leave the conclusion to the engineer.
B19: RESULT CONVENTIONS
B20: Pass | C20: Check executed; no discrepancy found within AI's extraction confidence.
B21: Fail | C21: Candidate discrepancy found — details mandatory in 'AI Finding / Evidence' (sheet, tag, both values).
B22: N/A | C22: Check not applicable to this P&ID set / stage.
B23: Not Checked | C23: Not executed: HUMAN-class check, missing reference document, or illegible source — reason mandatory in Finding column.
B25: Feasibility classes are pre-assigned defaults based on check content — the engineer may reclassify any row (dropdown provided). Every 'Fail' and every 'Not Checked' requires engineer disposition before drawing issue. AI findings are candidate discrepancies only; this register supplements, and does not replace, discipline squad check, inter-discipline review, and HAZOP.

Sheet AI Check Register
A1: AI CHECK SCOPE REGISTER
A3: Check ID | B3: Part | C3: Section | D3: Check Description | E3: AI Feasibility | F3: AI Result | G3: AI Confidence | H3: AI Finding / Evidence (sheet, tag, values) | I3: Engineer Disposition
A4: F-1.1 | B4: Part A — Feed Stage | C4: 1. GENERAL — DRAWING SET-UP, FORMAT & DOCUMENT CONTROL | D4: P&ID set covers the full FEED scope: all process, utility, interconnecting, and relief/flare systems have a drawing; drawing index is complete. | E4: ASSIST | F4: Pass | G4: High | H4: Example: all 24 sheets present per index rev C; no gaps. Overwrite/delete before formal issue. | I4: Accepted — J.S. 10-Jul-26
A5: F-1.2 | B5: Part A — Feed Stage | C5: 1. GENERAL — DRAWING SET-UP, FORMAT & DOCUMENT CONTROL | D5: Drawing numbering system, title block format, and revision scheme conform to project document control procedures. | E5: ASSIST
A6: F-1.3 | B6: Part A — Feed Stage | C6: 1. GENERAL — DRAWING SET-UP, FORMAT & DOCUMENT CONTROL | D6: Legend & symbols sheets issued and P&IDs conform to them (ISA-5.1 / client standard); no undefined symbols. | E6: ASSIST
A7: F-1.4 | B7: Part A — Feed Stage | C7: 1. GENERAL — DRAWING SET-UP, FORMAT & DOCUMENT CONTROL | D7: Drawing status (e.g., Issued for Design / Issued for HAZOP) correct; revision description and clouds reflect changes since last issue. | E7: HUMAN
A8: F-1.5 | B8: Part A — Feed Stage | C8: 1. GENERAL — DRAWING SET-UP, FORMAT & DOCUMENT CONTROL | D8: All HOLDs are clouded, numbered, listed in a HOLD register/table with responsible party and target close-out phase. | E8: ASSIST
A9: F-1.6 | B9: Part A — Feed Stage | C9: 1. GENERAL — DRAWING SET-UP, FORMAT & DOCUMENT CONTROL | D9: Continuation arrows/off-page connectors reference correct drawing numbers and are consistent in both directions. | E9: ASSIST
A10: F-1.7 | B10: Part A — Feed Stage | C10: 1. GENERAL — DRAWING SET-UP, FORMAT & DOCUMENT CONTROL | D10: Battery limits and scope split (FEED contractor / licensor / vendor / existing facilities / by others) clearly shown and labelled. | E10: ASSIST
A11: F-1.8 | B11: Part A — Feed Stage | C11: 1. GENERAL — DRAWING SET-UP, FORMAT & DOCUMENT CONTROL | D11: General notes established, applicable, and consistent across the P&ID set (typical details referenced rather than repeated). | E11: ASSIST
A12: F-1.9 | B12: Part A — Feed Stage | C12: 1. GENERAL — DRAWING SET-UP, FORMAT & DOCUMENT CONTROL | D12: Licensor P&IDs / process design package (PDP) correctly transposed; deviations from licensor scheme documented and approved. | E12: ASSIST
A13: F-1.10 | B13: Part A — Feed Stage | C13: 1. GENERAL — DRAWING SET-UP, FORMAT & DOCUMENT CONTROL | D13: P&IDs consistent with the approved PFDs and heat & material balance (stream data, equipment count, configuration). | E13: ASSIST
A14: F-1.11 | B14: Part A — Feed Stage | C14: 1. GENERAL — DRAWING SET-UP, FORMAT & DOCUMENT CONTROL | D14: Design basis documents (process design basis, utility summary, effluent summary) reflected on the drawings. | E14: ASSIST
A15: F-1.12 | B15: Part A — Feed Stage | C15: 1. GENERAL — DRAWING SET-UP, FORMAT & DOCUMENT CONTROL | D15: Sufficient white space / sheet allocation for expected detail-engineering development (drawings not already overcrowded). | E15: ASSIST
A16: F-2.1 | B16: Part A — Feed Stage | C16: 2. PROCESS DESIGN DEFINITION | D16: All operating modes identified (normal, startup, shutdown, regeneration, turndown, alternative feeds) and the P&ID supports each. | E16: HUMAN
... A361: C-14.6 | B361: Part C — Consistency Checks (Internal & Cross-Document) | C361: 14. CHANGE MANAGEMENT, HAZOP ACTIONS & HOLD CLOSE-OUT | D361: The set of documents used for this consistency check are all at their current approved revision (record revisions on the Cover sheet). | E361: ASSIST

Sheet Summary
A1: AI CHECK REGISTER — RESULTS SUMMARY
A3: Group | B3: Checks | C3: Pass | D3: Fail | E3: N/A | F3: Not Checked | G3: No Result | H3: % Executed
A4: Part A — FEED Stage | B4: =COUNTIF('AI Check Register'!$B$4:$B$361,"Part A*") -> 113 | C4: =COUNTIFS('AI Check Register'!$B$4:$B$361,"Part A*",'AI Check Register'!$F$4:$F$361,"Pass") -> 1 | D4: =COUNTIFS('AI Check Register'!$B$4:$B$361,"Part A*",'AI Check Register'!$F$4:$F$361,"Fail") -> 0 | E4: =COUNTIFS('AI Check Register'!$B$4:$B$361,"Part A*",'AI Check Register'!$F$4:$F$361,"N/A") -> 0 | F4: =COUNTIFS('AI Check Register'!$B$4:$B$361,"Part A*",'AI Check Register'!$F$4:$F$361,"Not Checked") -> 0 | G4: =B4-SUM(C4:F4) -> 112 | H4: =IF(B4=0,0,SUM(C4:F4)/B4) -> 0.0088495575
A5: Part B — Detail Engineering | B5: =COUNTIF('AI Check Register'!$B$4:$B$361,"Part B*") -> 133 | C5: =COUNTIFS('AI Check Register'!$B$4:$B$361,"Part B*",'AI Check Register'!$F$4:$F$361,"Pass") -> 0 | D5: =COUNTIFS('AI Check Register'!$B$4:$B$361,"Part B*",'AI Check Register'!$F$4:$F$361,"Fail") -> 0 | E5: =COUNTIFS('AI Check Register'!$B$4:$B$361,"Part B*",'AI Check Register'!$F$4:$F$361,"N/A") -> 0 | F5: =COUNTIFS('AI Check Register'!$B$4:$B$361,"Part B*",'AI Check Register'!$F$4:$F$361,"Not Checked") -> 0 | G5: =B5-SUM(C5:F5) -> 133 | H5: =IF(B5=0,0,SUM(C5:F5)/B5) -> 0
A6: Part C — Consistency Checks | B6: =COUNTIF('AI Check Register'!$B$4:$B$361,"Part C*") -> 112 | C6: =COUNTIFS('AI Check Register'!$B$4:$B$361,"Part C*",'AI Check Register'!$F$4:$F$361,"Pass") -> 0 | D6: =COUNTIFS('AI Check Register'!$B$4:$B$361,"Part C*",'AI Check Register'!$F$4:$F$361,"Fail") -> 0 | E6: =COUNTIFS('AI Check Register'!$B$4:$B$361,"Part C*",'AI Check Register'!$F$4:$F$361,"N/A") -> 0 | F6: =COUNTIFS('AI Check Register'!$B$4:$B$361,"Part C*",'AI Check Register'!$F$4:$F$361,"Not Checked") -> 0 | G6: =B6-SUM(C6:F6) -> 112 | H6: =IF(B6=0,0,SUM(C6:F6)/B6) -> 0
A7: AUTO checks | B7: =COUNTIF('AI Check Register'!$E$4:$E$361,"AUTO") -> 83 | C7: =COUNTIFS('AI Check Register'!$E$4:$E$361,"AUTO",'AI Check Register'!$F$4:$F$361,"Pass") -> 0 | D7: =COUNTIFS('AI Check Register'!$E$4:$E$361,"AUTO",'AI Check Register'!$F$4:$F$361,"Fail") -> 0 | E7: =COUNTIFS('AI Check Register'!$E$4:$E$361,"AUTO",'AI Check Register'!$F$4:$F$361,"N/A") -> 0 | F7: =COUNTIFS('AI Check Register'!$E$4:$E$361,"AUTO",'AI Check Register'!$F$4:$F$361,"Not Checked") -> 0 | G7: =B7-SUM(C7:F7) -> 83 | H7: =IF(B7=0,0,SUM(C7:F7)/B7) -> 0
A8: ASSIST checks | B8: =COUNTIF('AI Check Register'!$E$4:$E$361,"ASSIST") -> 226 | C8: =COUNTIFS('AI Check Register'!$E$4:$E$361,"ASSIST",'AI Check Register'!$F$4:$F$361,"Pass") -> 1 | D8: =COUNTIFS('AI Check Register'!$E$4:$E$361,"ASSIST",'AI Check Register'!$F$4:$F$361,"Fail") -> 0 | E8: =COUNTIFS('AI Check Register'!$E$4:$E$361,"ASSIST",'AI Check Register'!$F$4:$F$361,"N/A") -> 0 | F8: =COUNTIFS('AI Check Register'!$E$4:$E$361,"ASSIST",'AI Check Register'!$F$4:$F$361,"Not Checked") -> 0 | G8: =B8-SUM(C8:F8) -> 225 | H8: =IF(B8=0,0,SUM(C8:F8)/B8) -> 0.0044247788
A9: HUMAN checks | B9: =COUNTIF('AI Check Register'!$E$4:$E$361,"HUMAN") -> 49 | C9: =COUNTIFS('AI Check Register'!$E$4:$E$361,"HUMAN",'AI Check Register'!$F$4:$F$361,"Pass") -> 0 | D9: =COUNTIFS('AI Check Register'!$E$4:$E$361,"HUMAN",'AI Check Register'!$F$4:$F$361,"Fail") -> 0 | E9: =COUNTIFS('AI Check Register'!$E$4:$E$361,"HUMAN",'AI Check Register'!$F$4:$F$361,"N/A") -> 0 | F9: =COUNTIFS('AI Check Register'!$E$4:$E$361,"HUMAN",'AI Check Register'!$F$4:$F$361,"Not Checked") -> 0 | G9: =B9-SUM(C9:F9) -> 49 | H9: =IF(B9=0,0,SUM(C9:F9)/B9) -> 0
A10: TOTAL (all checks) | B10: =SUM(B4:B6) -> 358 | C10: =SUM(C4:C6) -> 1 | D10: =SUM(D4:D6) -> 0 | E10: =SUM(E4:E6) -> 0 | F10: =SUM(F4:F6) -> 0 | G10: =B10-SUM(C10:F10) -> 357 | H10: =IF(B10=0,0,SUM(C10:F10)/B10) -> 0.0027932961
A12: Rows 4–6 group by Part (column B of the register); rows 7–9 group by AI feasibility (column E). Register is complete when 'No Result' = 0 for AUTO and ASSIST groups, and every Fail / Not Checked row carries an engineer disposition.
